Category,Sub-Category/Item,Details/Variants,Price (PHP)
Supports,Abdominal Binder (R-2),"Longbone 8""x49""",190
Devices,Air Purifier (R-7),Ider,"1,950"
Devices,Air Purifier (R-7),Ion,"2,750"
Devices,Air Purifier (R-7),Ider Wearable Round (Pink / Green),950
Devices,Air Purifier (R-7),Ider Wearable Oval (Black / White),"1,750"
Consumables,Acetic Acid,10ml,90
Consumables,Acetic Acid,15ml ,95
Consumables,Acetic Acid,30ml,99
Consumables,Agua Oxinada,Gallon,395
Consumables,Alcohol Denatured,30ml,80
Consumables,"Alcohol (R-5, R-6 & R-11)",Small Non-Sprayer,30
Consumables,"Alcohol (R-5, R-6 & R-11)",Isopropyl 50ml Spray,40
Consumables,"Alcohol (R-5, R-6 & R-11)",Isopropyl 100ml Spray,45
Consumables,"Alcohol (R-5, R-6 & R-11)",Isopropyl 150ml,55
Consumables,"Alcohol (R-5, R-6 & R-11)",Isopropyl 250ml Spray,79
Consumables,"Alcohol (R-5, R-6 & R-11)",Isopropyl 500ml,175
Consumables,"Alcohol (R-5, R-6 & R-11)",Isopropyl 500ml,105
Consumables,"Alcohol (R-5, R-6 & R-11)",Isopropyl 1 Liter Pump,199
Consumables,"Alcohol (R-5, R-6 & R-11)",Isopropyl 1 Gallon,375
Consumables,"Alcohol (R-5, R-6 & R-11)",Ethyl 1 Gallon,375
Devices,Alcohol Fountain (R-5),-,695
Devices,Alcohol Lamp (R-1),-,95
Consumables,Alcohol Pads (R-8),Box,110
Consumables,Alcohol Pads (R-8),pc,2
Devices,Alcohol Tester,-,"2,950"
Supports,Alina Stockings (R-2),Small,"1,780"
Supports,Alina Stockings (R-2),Medium,"1,780"
Supports,Alina Stockings (R-2),Large,"1,880"
Supports,Alina Stockings (R-2),XL,"1,950"
Supports,Alina Stockings (R-2),XXL,"2,200"
Supports,Alina Stockings (R-2),XXXL Moderate (20-30mmHg),"2,600"
Supports,Alina Stockings (R-2),XXXL Strong (30-40mmHg),"2,800"
Consumables,Amber Bottle (R-1),15ml (Brown),25
Consumables,Amber Bottle (R-1),Medium (Brown),35
Consumables,Amber Bottle (R-1),Big (100ml),45
Consumables,Amber Bottle (R-1),250ml,65
Devices,AmbuBag Set (R-2),Adult,"2,100"
Devices,AmbuBag Set (R-2),Pedia,"2,100"
Consumables,Ammonia (R-7 & R-11),15ml,30
Consumables,Ammonia (R-7 & R-11),30ml,45
Supports,Ankle Strap,-,185
Supports,Ankle Support (R-2),Small,380
Supports,Ankle Support (R-2),Medium,385
Supports,Ankle Support (R-2),Large,395
Accessories,Apron Cloth (R-3),-,65
Accessories,Apron Disposable,-,15
Supports,Arm Sling (R-3),Pedia,85
Supports,Arm Sling (R-3),Small,95
Supports,Arm Sling (R-3),Medium,95
Supports,Arm Sling (R-3),Large,100
Supports,Arm Sling (R-3),Printed,180
Consumables,Autoclavable Sterile Pouch,70x260mm / 3,12
Consumables,Autoclavable Sterile Pouch,"70x260mm, / pc",5
Consumables,Autoclavable Sterile Pouch,190x360mm / pc,9
Devices,Baby Scale,Dr. Diaz / Kinlee (R-10),"2,150"
Devices,Baby Scale,Camry digital with height,"3,900"
Devices,Baby Scale,Plastic (R-1) round,95
Devices,Baby Scale,Portable scale round metal,150
Devices,Baby Scale,Metal (gold/12kg),125
Accessories,Bag,Body with sling (R-2),330
Accessories,Bag,OB bag square (R-11),330
Ointments,Balm (R-7),Purple,195
Ointments,Balm (R-7),Yellow,195
Ointments,Balm (R-7),Orange,195
Ointments,Balm (R-7),Green,195
First Aid,Band Aide (R-8),Medicare / bx,65
First Aid,Band Aide (R-8),Medicare / pc,1
Bandages,Bandage Liquid (R-5),Small,275
Bandages,Bandage Liquid (R-5),Big,575
Electronics,Battery (R-7),AA / pc,15
Electronics,Battery (R-7),AAA / pc,15
Electronics,Battery (R-7),Lithium,95
Electronics,Battery (R-7),For calculator,20
Labware,Beaker (R-1),5ml,85
Labware,Beaker (R-1),10ml,90
Labware,Beaker (R-1),25ml,95
Labware,Beaker (R-1),50ml,120
Labware,Beaker (R-1),100ml,140
Labware,Beaker (R-1),200ml,180
Labware,Beaker (R-1),250ml,185
Labware,Beaker (R-1),500ml,330
Beds,Bed,2 cranks set,"12,950"
Beds,Bed,Anti Pneumonia,"1,795"
Beds,Bed,Air Mattress single,"2,500"
Beds,Bed,Egg Mattress single,"1,550"
Beds,Bed,Hamilton,"11,100"
Beds,Bed,Leather foam,"1,950"
Beds,Bed,Bed Table,"2,990"
Bathroom Supplies,Bed Pan (R-2),Ordinary,110
Bathroom Supplies,Bed Pan (R-2),Stainless,850
Chemicals,Benedict Sol.,10ml / 15ml,99
Chemicals,Benedict Sol.,30ml / 500ml,595
First Aid,Betadine Pads (R-8),/ bx,210
First Aid,Betadine Pads (R-8),/ pc,5
Chemicals,Betadine Solutions (R7 & R11),15ml,35
Chemicals,Betadine Solutions (R7 & R11),30ml,55
Chemicals,Betadine Solutions (R7 & R11),60ml,70
Chemicals,Betadine Solutions (R7 & R11),120ml,110
Chemicals,Betadine Solutions (R7 & R11),500ml,325
Chemicals,Betadine Solutions (R7 & R11),Gallon (R-6),"1,350"
Miscellaneous,Bigkis (R-3),-,15
Miscellaneous,Miscellaneous,Bicycle White,"4,500"
Miscellaneous,Accessories,Black Box (R-8),"2,995"
Electrodes,Black Box Electrode,/ pc,98
Medical Equipment,Blood Sugar Partners (R-5),Machine,"1,500"
Medical Equipment,Blood Sugar Partners (R-5),Strips,595
Medical Equipment,Blood Sugar Partners (R-5),Blood Collection Adaptor/holder,25
Medical Equipment,Blood Sugar Partners (R-5),Blood Collection Styro,50
Labware,Blood Collection Tube (R-7 & R-12),Microtainer .5ml / pk,700
Labware,Blood Collection Tube (R-7 & R-12),Microtainer .5ml / pc,10
Labware,Blood Collection Tube (R-7 & R-12),1.8ml blue top / pk,680
Labware,Blood Collection Tube (R-7 & R-12),1.8ml blue top / pc,8
Labware,Blood Collection Tube (R-7 & R-12),2.4ml & 3ml black / pk,720
Labware,Blood Collection Tube (R-7 & R-12),2.4ml & 3ml black / pc,9
Labware,Blood Collection Tube (R-7 & R-12),4ml gray ,720
Labware,Blood Collection Tube (R-7 & R-12),4ml gray / pc,9
Labware,Blood Collection Tube (R-7 & R-12),4-5ml top / pk,680
Labware,Blood Collection Tube (R-7 & R-12),4-5ml top / pc,8
Labware,Blood Collection Tube (R-7 & R-12),"Red 8, Purple 8, Yellow 8, Green 9",8
Labware,Blood Collection Tube (R-7 & R-12),Purple,8
Labware,Blood Collection Tube (R-7 & R-12),Yellow,8
Labware,Blood Collection Tube (R-7 & R-12),Green,9
Bottles,Bottle Plastic (Washed Bottle),250ml,85
Bottles,Bottle Plastic (Washed Bottle),500ml,99
Blood Pressure,BP Apparatus (R-5),ALPK2,"2,950"
Blood Pressure,BP Apparatus (R-5),Baxtel new stocks,"2,295"
Blood Pressure,BP Apparatus (R-5),Baxtel Sphygmo,"1,880"
Blood Pressure,BP Apparatus (R-5),Baxtel Steth,"1,100"
Blood Pressure,BP Apparatus (R-5),Fujikawa/MedX set,650
Blood Pressure,BP Apparatus (R-5),MedX set Caliber,"1,400"
Blood Pressure,BP Apparatus (R-5),MedX caliber Sphygmo,850
Blood Pressure,BP Apparatus (R-5),MedX set MD-50B,"1,500"
Blood Pressure,BP Apparatus (R-5),Health Assure set / Willcare,750
Blood Pressure,BP Apparatus (R-5),Health Assure set colored,800
Blood Pressure,BP Apparatus (R-5),MTI set,895
Blood Pressure,BP Apparatus (R-5),MTI Sphygmo,695
Blood Pressure,BP Apparatus (R-5),MTI Steth,400
Blood Pressure,BP Apparatus (R-5),MTI Rollby,"5,350"
Blood Pressure,BP Apparatus (R-5),MTI Wall/Desk,"1,750"
Blood Pressure,BP Apparatus (R-5),Partners set,750
Blood Pressure,BP Digital (R-5),Omron Arm,"3,880"
Blood Pressure,BP Digital (R-5),Omron Wrist,"3,450"
Blood Pressure,BP Digital (R-5),Partners Arm,"1,850"
Blood Pressure,BP Digital (R-5),Partners Wrist,"1,850"
Blood Pressure,BP Digital (R-5),Med Depot Wrist,"2,350"
BP Parts,BP Parts (R-7),Adaptor for Digital,430
BP Parts,BP Parts (R-7),Gauge,480
BP Parts,BP Parts (R-7),Pedia Cuff & Bag / MTI Brand,575
BP Parts,BP Parts (R-7),Pedia Cuff & Bag Topcare,450
BP Parts,BP Parts (R-7),Pedia Cuff Only,225
BP Parts,BP Parts (R-7),Infant Cuff & Bag / MTI Brand,600
BP Parts,BP Parts (R-7),Adult Cuff & Bag,525
BP Parts,BP Parts (R-7),MTI Obese Cuff & Bag,820
BP Parts,BP Parts (R-7),MTI Cuff,250
BP Parts,BP Parts (R-7),Allen and Irving Cuff,290
BP Parts,BP Parts (R-7),MTI Inflation Bag,295
BP Parts,BP Parts (R-7),MTI Bulb w/Control,265
Breast Pumps,Breast Pump (R-2),Glass Helio,160
Breast Pumps,Breast Pump (R-2),Glass Union,160
Breast Pumps,Breast Pump (R-2),Plastic Helio,85
Breast Pumps,Breast Pump (R-2),Electric,"1,980"
Breast Pumps,Breast Pump (R-2),BT Set,85
Needles,Butterfly Needle (R-11),"g.21 , 850 boxes",895
Needles,Butterfly Needle (R-11),"g.21, 1 Pc",10
Needles,Butterfly Needle (R-11),"g.23, 850 boxes",895
Needles,Butterfly Needle (R-11),"g.23, 1 Pc",10
Needles,Butterfly Needle (R-11),"g.25, 850 boxes",895
Needles,Butterfly Needle (R-11),"g.25, 1 Pc",10
Assistive Devices,Cane,Single,425
Assistive Devices,Cane,Single Colored,425
Assistive Devices,Cane,Single Colored Fixed,325
Assistive Devices,Cane,Single (Wooden),385
Assistive Devices,Cane,Single Tip,95
Assistive Devices,Cane,Quad,500
Assistive Devices,Cane,Taiwan,550
Assistive Devices,Cane,Quad Tip,85
Assistive Devices,Cane,Seat,450
Accessories,Cadaver Bag (R-5),-,995
Stationery,Calculator (R-3),Keychain w/ cover,85
Stationery,Calculator (R-3),Clip Type,60
Stationery,Calculator (R-3),Mini,65
Stationery,Calculator (R-3),Small,95
Medical Equipment,Cannula,Pedia,29
Medical Equipment,Cannula,Adult,29
Lab Equipment,Capillary Tube (R-7),Nris,200
Lab Equipment,Capillary Tube (R-7),Kingmed,175
Lab Equipment,Capillary Tube (R-7),Capillary Claysear,199
Orthopedic,Cervical Collar IM (R-2),Soft Small (Generic),350
Orthopedic,Cervical Collar IM (R-2),Soft Small ,600
Orthopedic,Cervical Collar IM (R-2),Soft Medium (Generic),360
Orthopedic,Cervical Collar IM (R-2),Soft Medium,610
Orthopedic,Cervical Collar IM (R-2),Soft Large (Generic),370
Orthopedic,Cervical Collar IM (R-2),Soft Large,620
Orthopedic,Cervical Collar IM (R-2),Rigid Small,750
Orthopedic,Cervical Collar IM (R-2),Rigid Medium,760
Orthopedic,Cervical Collar IM (R-2),Rigid Large,70
Medical Supplies,Chart,Jaeger Pocket + Near Vision,90
Medical Supplies,Chart,Jaeger Pocket ,50
Medical Supplies,Chart,Near Vision,50
Medical Supplies,Chart,Snellen Poster Size,215
Medical Supplies,Chart,Pocket Size,145
Cleaning & Disinfection,Cidex/Metricide (R-5),Gallon,"1,950"
Orthopedic,Clavicle Brace IM (R-2),Small,"2,300"
Orthopedic,Clavicle Brace IM (R-2),Medium,"2,300"
Orthopedic,Clavicle Brace IM (R-2),Large,"2,350"
Orthopedic,Clavicle Brace IM (R-2),XL,"2,400"
Orthopedic,Clavicle Support (R-2),Small,590
Orthopedic,Clavicle Support (R-2),Medium,595
Orthopedic,Clavicle Support (R-2),Large,690
Medical Supplies,Colostomy Bag Wafer (R-7 & R-12),s45,220
Medical Supplies,Colostomy Bag Wafer (R-7 & R-12),s57,220
Medical Supplies,Colostomy Bag Wafer (R-7 & R-12),s60,220
Medical Supplies,Colostomy Bag Wafer (R-7 & R-12),s70,220
Tools & Accessories,Compass (R-7),Aluminum,65
Tools & Accessories,Compass (R-7),Plastic,145
Medical Supplies,Condom Catheter,Medium,25
Medical Supplies,Condom Catheter,Small,25
Medical Supplies,Condom Catheter,Large / XL,25
Lab Equipment,Cone Tip,Yellow Tip / 10 pcs,10
Lab Equipment,Cone Tip,Yellow Tip / 1000pcs,320
Lab Equipment,Cone Tip,Blue Tip / 10 pcs,15
Lab Equipment,Cone Tip,Blue Tip / 500 pcs,350
Surgical Tools,Connecting Tube Surgical,-,150
Surgical Tools,Medical Supplies,Cord Clamp (R-7) / bx,480
Surgical Tools,Medical Supplies,Cord Clamp (R-7) / pc,8
Cotton Products,Cotton Applicator Sterile (100s) (R-6),Small Head / bx,220
Cotton Products,Cotton Applicator Sterile (100s) (R-6),Small Head / pc,2.5
Cotton Products,Cotton Applicator Sterile (100s) (R-6),Big Head / box / 100 pcs,320
Cotton Products,Cotton Applicator Sterile (100s) (R-6),Big Head / pc,3.5
Cotton Products,Cotton Applicator Sterile (100s) (R-6),Without Cotton / 8 pcs,5
Cotton Products,Cotton Balls (R-1),pack,25
Cotton Products,Cotton (R-12),300’s,105
Cotton Products,Cotton (R-5),400 grams,198
Cotton Products,Cotton Pledget N-Sterile (R-3),Small / pk,60
Cotton Products,Cotton Pledget N-Sterile (R-3),Big / pk,80
Cotton Products,Cotton Cannister (R-1),Plastic (Big),45
Cotton Products,Cotton Cannister (R-1),Stainless,375
Lab Equipment,Cover Slip (R-7),/ bx,75
Lab Equipment,Cover Slip (R-7),/ pc,1
Lab Equipment,Cover Slip (R-7),24x50mm / bx,125
Medical Supplies,CPR Mask (R-7),-,295
Medical Supplies,CPR Face Shield (R-7),-,175
Assistive Devices,Crutches Aluminum,-,899
Lab Equipment,Culture Plate,24 Well,165
Lab Equipment,Culture Plate,48 Well,165
Lab Equipment,Culture Plate,96 Well,165
Tools,Cutter (R-1),-,25
Crutch Parts,Crutches Aluminum Parts (R-7),Rubber Pad Handle Soft,200
Crutch Parts,Crutches Aluminum Parts (R-7),Rubber Pad Handle Plastic,190
Crutch Parts,Crutches Aluminum Parts (R-7),Rubber Pad Armpit Soft,230
Crutch Parts,Crutches Aluminum Parts (R-7),Rubber Pad Armpit Plastic,200
Crutch Parts,Crutches Aluminum Parts (R-7),Tip,145
Cleaning Supplies,Detergent (Laundry),-,255
Medical Equipment,Digital Thermometer (R-1),Partners / pc,115
Diapers & Hygiene,"Diaper (R-2, R-11 & R-12)",Primecare (10) M,199
Diapers & Hygiene,"Diaper (R-2, R-11 & R-12)",Primecare (10) L,215
Diapers & Hygiene,"Diaper (R-2, R-11 & R-12)",Partners (10) M,210
Diapers & Hygiene,"Diaper (R-2, R-11 & R-12)",Partners (10) L,225
Diapers & Hygiene,"Diaper (R-2, R-11 & R-12)",Partners XL,240
Diapers & Hygiene,"Diaper (R-2, R-11 & R-12)",Popok (10) L,210
Diapers & Hygiene,"Diaper (R-2, R-11 & R-12)",Oto pull-ups (10) L,225
Diapers & Hygiene,"Diaper (R-2, R-11 & R-12)",Gingermed (10) L,220
Diapers & Hygiene,"Diaper (R-2, R-11 & R-12)",Sureguard (10) L,220
Diapers & Hygiene,"Diaper (R-2, R-11 & R-12)",Dr. Care Rx (10) L,220
Diapers & Hygiene,"Diaper (R-2, R-11 & R-12)",Oto pull-ups (10) XL,235
Cleaning Supplies,Disinfectant Concentrate,-,325
Cleaning Supplies,Dishwashing Liquid,-,280
Surgical Tools,Dissecting Pan,-,230
Surgical Sets,Dissecting Set (R-7),Plastic,250
Surgical Sets,Dissecting Set (R-7),Stainless (7 pcs),320
Surgical Sets,Dissecting Set (R-7),Harry brand (7 pcs),380
Surgical Sets,Dissecting Set (R-7),14 pcs minor set,680
Surgical Sets,Dissecting Set (R-7),Harry brand (14 pcs),720
Surgical Sets,Dissecting Set (R-7),16 pcs minor set,895
Cleaning Supplies,Disinfectant Gal (R-5),-,385
Hospital Equipment,Divider with Curtain,-,"3,950"
Medical Equipment,Doctron (R-8),-,"6,200"
Medical Equipment,Doctron Electrode,/ pk,600
Diagnostic Equipment,Doppler (R-5),-,"4,200"
Diagnostic Equipment,Doppler Pocket Type,-,"2,250"
Lighting,Droplight,-,"1,750"
Lighting,Droplight Bulb Socket (R-7),-,200
Medical Supplies,Duoderm 8X8,-,"1,350"
Disinfectants,Disinfectant Vyrusol 350 ml (R-6),-,210
Medical Supplies,ECG Paper (R-7),"50mm x 30mm , / roll",85
Medical Supplies,ECG Paper (R-7),"80mm x 20mm, / roll",140
Accessories,Earring (R-7),-,110
Accessories,Egg Sitter,-,295
Medical Supplies,Elastic Bandage (R-7),2X5,30
Medical Supplies,Elastic Bandage (R-7),3X5,35
Medical Supplies,Elastic Bandage (R-7),4X5 (Velcro),80
Medical Supplies,Elastic Bandage (R-7),6X5,55
Medical Supplies,Ethanol 1 LIT. (R6 & R11),-,575
Glassware,Erlenmeyer Flask (R-1),50ml,230
Glassware,Erlenmeyer Flask (R-1),100ml,250
Glassware,Erlenmeyer Flask (R-1),150ml,280
Glassware,Erlenmeyer Flask (R-1),250ml,350
Glassware,Erlenmeyer Flask (R-1),500ml,470
Glassware,Erlenmeyer Flask (R-1),1000ml,599
Medical Supplies,ESR Pipette,-,69
Pharmaceuticals,Epinephrine Ampoule (R-7),60ml,90
Laboratory Supplies,Evaporating Dish,50ml,235
Laboratory Supplies,Evaporating Dish,75ml,265
Laboratory Supplies,Evaporating Dish,100ml,295
Medical Supplies,Extension Tubing,-,65
Medical Accessories,Eye Mask (Adult),-,195
Medical Accessories,Eye Patch,-,150
Medical Accessories,Eye Occluder,,105
Medical Supplies,Eye Ophthalmic (Longrette w/ 17 Pinhole),-,235
Medical Supplies,Facemask,cloth scrubsuit (R-3) / pc,25
Medical Supplies,Facemask,cloth thick white (R-3) / pc,45
Medical Supplies,Facemask,cloth thick red (R-3) / pc,45
Medical Supplies,Facemask,cloth thick royal blue (R-3) / pc,45
Medical Supplies,Facemask,China pack (Loose) per 3 pcs,10
Medical Supplies,Facemask,China (Partners)  / bx,110
Medical Supplies,Facemask,China  / bx,110
Medical Supplies,Facemask,Orex medical  / bx,80
Medical Supplies,Facemask,Type IIR  / bx,125
Medical Supplies,Facemask,facemask for kids,75
Medical Supplies,Faceshield,halfshield (R-11)/ pc,65
Medical Supplies,Faceshield,garterized with label (R-11) / pc,45
Medical Supplies,Faceshield,regular plastic (R-11) / pc,35
Medical Supplies,Faceshield,thin and clear (R-11) / pc,28
Medical Supplies,Faceshield,heavy duty blue,850
Medical Supplies,Faceshield,heavy duty yellow,850
Medical Supplies,Feeding Container Tube,Washable,675
Laboratory Supplies,Filter Paper (R-11),ordinary / pc,8
Laboratory Supplies,Filter Paper (R-11),China 12.5mm / bx,450
Laboratory Supplies,Filter Paper (R-11),China 12.5mm / pc,9
Laboratory Supplies,Filter Paper (R-11),double ring 15.0cm / bx,550
Laboratory Supplies,Filter Paper (R-11),double ring 15.0cm / pc,10
Medical Supplies,Finger Guard (R-1),-,155
Medical Kits,First Aid Kit Bag (R-3),-,175
Medical Kits,First Aid Kit Bag (R-3),first aid kit bag (small) (R-9),125
Medical Kits,First Aid Kit Bag (R-3),First Aid Kit Set,205
Lab Supplies,Flint Bottle (R-1 & R-5),narrow mouth 30ml,25
Lab Supplies,Flint Bottle (R-1 & R-5),narrow mouth 15ml,20
Lab Supplies,Flint Bottle (R-1 & R-5),wide mouth clear 30ml,25
Medical Supplies,Fogging Solution (Viruclear),-,495
Medical Supplies,Foot Bath/Tray,-,350
Medical Supplies,Foley Catheter (R-5),Fr.10,49
Medical Supplies,Foley Catheter (R-5),Fr.14,49
Medical Supplies,Foley Catheter (R-5),Fr.16,49
Medical Supplies,Foley Catheter (R-5),Fr.18,49
Laboratory Supplies,Funnel (R-1),40mm,165
Laboratory Supplies,Funnel (R-1),50mm,195
Laboratory Supplies,Funnel (R-1),60mm,215
Laboratory Supplies,Funnel (R-1),60mm plastic,60
Medical Supplies,Gauze Bandage N-Sterile (R-5 & R-3),3X10,25
Medical Supplies,Gauze Bandage N-Sterile (R-5 & R-3),4X10,28
Medical Supplies,Gauze Pad Sterile (R-5),2X2 (100) / bx,290
Medical Supplies,Gauze Pad Sterile (R-5),2X2 (100) / pc,3
Medical Supplies,Gauze Pad Sterile (R-5),3X3 / bx,300
Medical Supplies,Gauze Pad Sterile (R-5),3X3 / pc,4
Medical Supplies,Gauze Pad Sterile (R-5),4X4 single / bx,350
Medical Supplies,Gauze Pad Sterile (R-5),4X4 single / pc,5
Medical Supplies,Gauze Pad Sterile (R-5),4x4 by 5's / bx,350
Medical Supplies,Gauze Pad Sterile (R-5),4x4 by 5's / pk,25
Medical Supplies,Gauze Pad Sterile (R-5),4x4 by 10's / bx,350
Medical Supplies,Gauze Pad Sterile (R-5),4x4 by 10's /pk,50
Medical Supplies,Gauze Pad Sterile (R-5),4x4 by 20's / bx,350
Medical Supplies,Gauze Pad Sterile (R-5),4x4 by 20's / pk,100
Medical Supplies,Gauze Pad Sterile (R-5),4x8 single PARTNERS / bx,475
Medical Supplies,Gauze Pad Sterile (R-5),4x8 single PARTNERS / pc,7
Medical Supplies,Gauze Pad Sterile (R-5),4X8 single SURGITECH / bx,530
Medical Supplies,Gauze Pad Sterile (R-5),4X8 single SURGITECH / pc,8
Medical Supplies,Gauze Pad Sterile (R-5),4x8 by 5's / bx,530
Medical Supplies,Gauze Pad Sterile (R-5),4x8 by 5's / pk,38
Medical Supplies,Gauze Pad Sterile (R-5),4x8 by 10’s / bx,530
Medical Supplies,Gauze Pad Sterile (R-5),4x8 by 10’s / pk,75
Medical Supplies,Gauze Pad Compresses 2X2 (15),/ bx,95
Medical Supplies,Gauze Pad Compresses 2X2 (15),/ pc,7
Medical Supplies,Gauze Pad Non-Woven Compress 4X4,/ bx,199
Medical Supplies,Gauze Pad N-Sterile (R-5),Partners 4x4 / bx,199
Medical Supplies,Gauze Pad N-Sterile (R-5),Partners 4x4 / pc,4
Medical Supplies,Gauze Pad N-Sterile (R-5),Sureguard 4x4x8 / bx,225
Medical Supplies,Gauze Pad N-Sterile (R-5),roll mesh 36x1yd 2ply,"1,350"
Lab Supplies,Gauze Wire (R-1),-,55
Medical Supplies,Gel (R-7),lubricating sachet / pc,8
Medical Supplies,Gel (R-7),lubricating gel 50g,125
Medical Supplies,Gel (R-7),lubricating gel 150g,295
Medical Supplies,Gel (R-7),transgel 250ml,125
Medical Supplies,Gel (R-7),transgel gallon,790
Lab Supplies,Glass Slides (R-7),"/ box, frosted",100
Lab Supplies,Glass Slides (R-7),"/ pc, frosted",2.5
Lab Supplies,Glass Slides (R-7),/ bx,120
Lab Supplies,Glass Slides (R-7),/ pc,3
Lab Supplies,Glass Slides Rack (R-1),-,175
Lab Supplies,Glass Slides Box Wood,-,375
Lab Supplies,Glass Slides Box Plastic,82mm x 94mm,160
Lab Supplies,Glass Slides Box Plastic,82mm x 198mm,220
Lab Supplies,Glass Tubing,-,35
Medical Supplies,Gloves Latex Powdered/Non-Powdered (R5 & R-12),small,275
Medical Supplies,Gloves Latex Powdered/Non-Powdered (R5 & R-12),medium,275
Medical Supplies,Gloves Latex Powdered/Non-Powdered (R5 & R-12),large,275
Medical Supplies,Gloves Nitrile (R-5 & R-12),small (Synthetic),285
Medical Supplies,Gloves Nitrile (R-5 & R-12),medium (Synthetic),285
Medical Supplies,Gloves Nitrile (R-5 & R-12),large (Synthetic),285
Medical Supplies,Gloves Vinyl (R-5 & R-12),small,285
Medical Supplies,Gloves Vinyl (R-5 & R-12),medium,285
Medical Supplies,Gloves Vinyl (R-5 & R-12),large,285
Medical Supplies,Gloves Loose (Vinyl/Latex) (R-6),xs (Nitrile) / 10 pr,12
Medical Supplies,Gloves Loose (Vinyl/Latex) (R-6),small (Nitrile) / 10 pr,12
Medical Supplies,Gloves Loose (Vinyl/Latex) (R-6),medium (Nitrile) / 10 pr,12
Medical Supplies,Gloves Loose (Vinyl/Latex) (R-6),large (Nitrile) / 10 pr,12
Medical Supplies,Gloves Surgical (R-5 & R-12),s.6 Masterguard / bx,980
Medical Supplies,Gloves Surgical (R-5 & R-12),s.6 Masterguard / pc,25
Medical Supplies,Gloves Surgical (R-5 & R-12),s.6 Indoplus / bx,980
Medical Supplies,Gloves Surgical (R-5 & R-12),s.6 Indoplus / pr,25
Medical Supplies,Gloves Surgical (R-5 & R-12),s.6 1/2 Masterguard / bx,980
Medical Supplies,Gloves Surgical (R-5 & R-12),s.6 1/2 Masterguard / pr,25
Medical Supplies,Gloves Surgical (R-5 & R-12),s. 6 1/2 Indoplus / bx,980
Medical Supplies,Gloves Surgical (R-5 & R-12),s. 6 1/2 Indoplus / pr,25
Medical Supplies,Gloves Surgical (R-5 & R-12),s.7 Masterguard / bx,980
Medical Supplies,Gloves Surgical (R-5 & R-12),s.7 Masterguard / pr,25
Medical Supplies,Gloves Surgical (R-5 & R-12),s.7 Indoplus / bx,980
Medical Supplies,Gloves Surgical (R-5 & R-12),s.7 Indoplus / pr,25
Medical Supplies,Gloves Surgical (R-5 & R-12),s.7 1/2 Masterguard / bx,980
Medical Supplies,Gloves Surgical (R-5 & R-12),s.7 1/2 Masterguard / pr,25
Medical Supplies,Gloves Surgical (R-5 & R-12),s.7 1/2 Indoplus / bx,980
Medical Supplies,Gloves Surgical (R-5 & R-12),s.7 1/2 Indoplus / pr,25
Medical Supplies,Gloves Surgical (R-5 & R-12),s.8 Masterguard / bx,980
Medical Supplies,Gloves Surgical (R-5 & R-12),s.8 Masterguard / pr,25
Medical Supplies,Gloves Surgical (R-5 & R-12),s.8 Indoplus / bx,980
Medical Supplies,Gloves Surgical (R-5 & R-12),s.8 Indoplus /pr,25
Medical Supplies,Goggles (R-3),black,75
Medical Supplies,Goggles (R-3),clear,85
Medical Supplies,Goggles (R-3),with garter,70
Medical Supplies,Goggles (R-3),wider garter (heavy duty),210
Medical Supplies,Goniometer (R-7),-,195
Medical Supplies,Gown (R-4),Isolation blue thick,650
Medical Supplies,Gown (R-4),Disposable blue regular /pc,90
Medical Supplies,Gown (R-4),Disposable blue sterile XL,135
Medical Supplies,Gown (R-4),Disposable blue sterile Kanxiang,145
Medical Supplies,Gown (R-4),Disposable blue sterile topcare,165
Medical Supplies,Gown (R-4),Disposable Waterproof gown,95
Medical Supplies,Gown (R-4),Disposable white (thicker),110
Medical Supplies,Gown (R-4),"Lab gown 3/4 tetoron (R-10), extra Small",290
Medical Supplies,Gown (R-4),"Lab gown 3/4 tetoron (R-10), Small",290
Medical Supplies,Gown (R-4),Lab gown 3/4 tetoron (R-10). Medium,295
Medical Supplies,Gown (R-4),"Lab gown 3/4 tetoron (R-10), Large",300
Medical Supplies,Gown (R-4),"Lab gown 3/4 tetoron (R-10), Extra Large",305
Medical Supplies,Gown (R-4),"Lab gown L/S tetoron (R-10), extra Small",320
Medical Supplies,Gown (R-4),"Lab gown L/S tetoron (R-10), Small",325
Medical Supplies,Gown (R-4),"Lab gown L/S tetoron (R-10), Medium",330
Medical Supplies,Gown (R-4),"Lab gown L/S tetoron (R-10), Large",335
Medical Supplies,Gown (R-4),"Lab gown L/S tetoron (R-10), extra Large",495
Medical Supplies,Gown (R-4),"Smack Gown (R-3), Small",400
Medical Supplies,Gown (R-4),"Smack Gown (R-3), Medium",410
Medical Supplies,Gown (R-4),"Smack Gown (R-3), Large",420
Medical Supplies,Gown (R-4),"Smack Gown (R-3), Extra Large",450
Medical Supplies,Gown (R-4),OR Gown (R-4),495
Medical Supplies,Gown (R-4),Patient Gown (R-4),275
Lab Supplies,Graduated Cylinder (R-1),10ml,140
Lab Supplies,Graduated Cylinder (R-1),25ml,165
Lab Supplies,Graduated Cylinder (R-1),50ml,225
Lab Supplies,Graduated Cylinder (R-1),100ml,285
Lab Supplies,Graduated Cylinder (R-1),250ml,375
Lab Supplies,Graduated Cylinder (R-1),500ml,595
Lab Supplies,Graduated Cylinder (R-1),Pyrex grad cylinder 10ml,495
Lab Supplies,Graduated Cylinder (R-1),Pyrex grad cylinder 50ml,655
Lab Supplies,Graduated Cylinder (R-1),Pyrex grad cylinder 100ml,795
Lab Supplies,Graduated Cylinder (R-1),Pyrex grad cylinder 250ml,"1,350"
Personal Care,Hair Net,-,8
Medical Supplies,Hand Sanitizer,-,730
Medical Supplies,Hand Solution,-,280
Medical Supplies,Head Immobilizer,-,"2,850"
Medical Supplies,Head Mirror (R-7),,775
Medical Supplies,Head Shower,-,895
Medical Supplies,Heplock (R-6),,20
Medical Supplies,Hot and Cold Pack (R-2),Standard small w/o box,105
Medical Supplies,Hot and Cold Pack (R-2),Standard with box big,240
Medical Supplies,Hot and Cold Pack (R-2),Standard with box small,180
Medical Supplies,Hot and Cold Pack (R-2),Electric,325
Medical Supplies,Hot and Cold Pack (R-2),Electric hot only,325
Medical Supplies,Hot and Cold Pack (R-2),Herbal,485
Medical Supplies,Hot Moist Pack (R-2),IM ½,785
Medical Supplies,Hot Moist Pack (R-2),IM Cervical,995
Medical Supplies,Hot Water Bag (R-2),500ml,95
Medical Supplies,Hot Water Bag (R-2),1 liter,150
Medical Supplies,Hot Water Bag (R-2),2000ml,210
Medical Supplies,Hot Water Bag (R-2),Electric,395
Medical Supplies,Hot Sitz Bath (R-10),-,"1,300"
Medical Supplies,Hydrogen Peroxide (R-7 & R-11),60ml,38
Medical Supplies,Hydrogen Peroxide (R-7 & R-11),500ml,105
Medical Supplies,Hydrogen Peroxide (R-7 & R-11),Gallon,395
Consumables,Ice Bag (R-2),"Para Aid 9""",125
Consumables,Ice Bag (R-2),"I Shield 6""",105
Medical Equipment,Inoculation Loop Sterile,-,23
Medical Equipment,Inoculation Loop Stainless,-,80
Medical Equipment,Injection Pad,-,250
Medical Equipment,Instrument Tray,"8""x3""x1.5"" (R-11)",525
Medical Equipment,Instrument Tray,"8""x6"" (R-7)",695
Medical Equipment,Instrument Tray,"8""x10"" (R-7)",780
Consumables,IV Catheter (R-6),Gauge 20 / 22 / 24 / 26,28
Medical Equipment,IV Stand,-,"1,950"
Medical Equipment,Kelly Pad (R-9),-,"1,180"
Medical Equipment,Kidney Basin (R-1),Plastic,30
Medical Equipment,Kidney Basin (R-1),"Stainless 6""",335
Medical Equipment,Kidney Basin (R-1),"Stainless 8""",395
Medical Equipment,Kidney Basin (R-1),"Stainless 8"" (Medx Germany)",595
Medical Equipment,Kidney Basin (R-1),"Stainless 10""",495
Consumables,Kinesiology Tape (R-8),-,250
Consumables,KF94,By 10,35
Consumables,KF95,With design,45
Consumables,KN95 (R-12),With filter,110
Consumables,KN95 (R-12),By 2's,55
Consumables,KN95 (R-12),By 5's,65
Consumables,KN95 (R-12),By 10's Partners / pc,15
Consumables,KN95 (R-12),By 10's Partners,130
Consumables,KN95 (R-12),By 20's Partners / pc,15
Consumables,KN95 (R-12),By 20's Partners,250
Consumables,KN95 (R-12),Ordinary by 10,45
Consumables,KN95 (R-12),By 10's 5D,90
Consumables,KN95 (R-12),3D,20
Medical Equipment,Kidney Model,-,"3,500"
Medical Equipment,Knee Immobilizer (R-10),Small / Medium / Large,"1,450"
Medical Equipment,Knee Support IM (R-2),Small,350
Medical Equipment,Knee Support IM (R-2),Medium,390
Medical Equipment,Knee Support IM (R-2),Large,450
Medical Equipment,Knee Support IM (R-2),XL / Neoprene Padded,530
Medical Equipment,Knee Hinged Brace (R-2),Small / Medium / Large,"1,980"
Medical Equipment,Knee Hinged Brace (R-2),XL,"2,100"
Consumables,Lancets (R-7),100 pcs,130
Consumables,Lancets (R-7),200 pcs,250
Consumables,Lancets (R-7),Per piece,3
Consumables,Lancet Feather,/ pc,8
Medical Equipment,Lancing Device (R-7),-,199
Medical Equipment,Laryngeal Mirror (R-7),12.5mm (Size 1),595
Medical Equipment,Laryngeal Mirror (R-7),16.5mm (Size 7),595
Consumables,Lidocaine Vial (R-7),20ml,110
Consumables,Lidocaine Vial (R-7),50ml,160
Consumables,Litmus Paper (R-7),Red / Blue per pc,2
Consumables,Litmus Paper (R-7),Red / Blue per box,135
Medical Equipment,Lumbo Sacral Support (R-2),Small / Medium / Large,"1,950"
Medical Equipment,Lumbo Sacral Support (R-2),XL,"2,200"
Consumables,Macroset (R-7),-,25
Medical Equipment,Magnifying Glass (R-12),60ml,90
Medical Equipment,Magnifying Glass (R-12),90ml,125
Consumables,Male Urinal (R-2),-,85
Medical Equipment,Massage Ball,-,95
Consumables,Marker,-,35
Consumables,Medicinal Organizer (R-7),Big,115
Medical Equipment,Medicine Cabinet,Wall Mounted,420
Medical Equipment,Medicine Cabinet,Wall Mounted (Big Cabinet),"7,100"
Consumables,Medicine Cup (R-1),Calibrated Plastic,30
Consumables,Medicine Cup (R-1),Small,10-Sep
Consumables,Medicine Cup (R-1),Glass,50
Consumables,Medicine Dropper (R-1),Plastic,6-Oct
Consumables,Medicine Dropper (R-1),Plastic Pipette / Rubber Bulb (Blue),83
Consumables,Medicine Dropper (R-1),1ml,6
Consumables,Medicine Dropper (R-1),2ml,6
Consumables,Medicine Dropper (R-1),3ml,6
Consumables,Medicine Dropper (R-1),5ml,6
Consumables,Medicine Dropper (R-1),10ml,6
Consumables,Medicine Dropper (R-1),"Plastic Pipette Tip (Blue Tip 1ml, 10 pcs)",10
Consumables,Medicine Dropper (R-1),"Plastic Pipette Tip (Blue Tip 1ml, 500pcs)",330
Consumables,Medicine Dropper (R-1),"Yellow Tip (200ul, 1000pcs)",310
Consumables,Medicine Dropper (R-1),"Yellow Tip (200ul, 15pcs)",15
Consumables,Medicine Dropper (R-1),"Glass Pipette Calibrated (1ml, + Aspirator)",115
Consumables,Medicine Dropper (R-1),Glass Pipette Calibrated (1ml),85
Consumables,Medicine Dropper (R-1),Glass Short,30
Consumables,Medicine Dropper (R-1),Glass Long,35
Consumables,Medicine Dropper (R-1),Glass Calibrated (1ml),35
Consumables,Medicine Tray (R-1),Plastic,30
Consumables,Medicine Tray (R-1),"Stainless (Smallest, Thick)",145
Consumables,Medicine Tray (R-1),Stainless (32x322cm),150
Consumables,Medicine Tray (R-1),"Stainless (27×20cm, Home Goods)",75
Consumables,Medicine Tray (R-1),"Stainless (27x20cm, SSS)",95
Consumables,Medicine Cutter,-,110
Consumables,Medicine Crusher (R-7),-,125
Consumables,Medicine 3-in-1,-,320
Consumables,Microset (R-7),-,25
Medical Equipment,Microscope (R-5),Without Case,"3,500"
Medical Equipment,Microscope (R-5),With Case,"4,500"
Consumables,Mouthguard (R-1 & R-11),-,50
Consumables,Mortar and Pestle,30ml,120
Consumables,Mortar and Pestle,120ml,178
Consumables,Mosquito Killer (R-9),-,395
Consumables,Mueller Tape,-,250
Personal Protective Equipment,N95 Meison,Medium,45
Personal Protective Equipment,N95 3M,Small,55
Personal Protective Equipment,N95 Harley,Large,35
Personal Protective Equipment,N95 Harley,/ 3 pcs,100
Personal Protective Equipment,Nano Blue Ray (R-9),-,"2,450"
Personal Protective Equipment,Nano Rechargeable,-,"2,750"
Personal Protective Equipment,Nano Spray Rechargeable,-,"1,500"
Medical Supplies,Nasal Rubber Suction (R-1),Small and colored,59
Medical Supplies,Nasal Rubber Suction (R-1),Big,65
Medical Supplies,Nasal Rubber Suction (R-1),Special/Big,130
Medical Supplies,Nasal Speculum,16mm pedia,299
Medical Supplies,Nasal Speculum,27mm adult,299
Personal Protective Equipment,Name Tag (R-7),Pedia,20
Personal Protective Equipment,Name Tag (R-7),Adult,20
Medical Supplies,Nebulizer (R-5),Snowman Partners,"2,450"
Medical Supplies,Nebulizer (R-5),Health Assure w/ compt.,"1,950"
Medical Supplies,Nebulizer (R-5),Owgels small/Partners,"1,300"
Medical Supplies,Nebulizer (R-5),Nebulizer in car (MedX),"3,750"
Medical Supplies,Nebulizer (R-5),Willcare Portable mesh,"2,500"
Medical Supplies,Nebulizer (R-5),Partners Portable mesh,"1,500"
Medical Supplies,Neb Kit (R-7),Adult,59
Medical Supplies,Neb Kit (R-7),Pedia,59
Medical Supplies,Needle (R-5),"G.18 Terumo (expired), 1 box",375
Medical Supplies,Needle (R-5),"G.18 Terumo (expired), 1 pc",4.5
Medical Supplies,Needle (R-5),"G.19 Terumo, 1 box",375
Medical Supplies,Needle (R-5),"G.19 Terumo, 1 pc",4.5
Medical Supplies,Needle (R-5),"G.20 Terumo, 1 box",375
Medical Supplies,Needle (R-5),"G.20 Terumo, 1 pc",4.5
Medical Supplies,Needle (R-5),"G.21 Terumo, 1 box",375
Medical Supplies,Needle (R-5),"G.21 Terumo, 1 pc",4.5
Medical Supplies,Needle (R-5),"G.22 Terumo, 1 box",375
Medical Supplies,Needle (R-5),"G.22 Terumo, 1 pc",4.5
Medical Supplies,Needle (R-5),"G.23 Terumo, 1 box",375
Medical Supplies,Needle (R-5),"G.23 Terumo, 1 pc",4.5
Medical Supplies,Needle (R-5),"G.24 Terumo, 1 box",375
Medical Supplies,Needle (R-5),"G.24 Terumo, 1 pc",4.5
Medical Supplies,Needle (R-5),"G.25 Terumo, 1 box",375
Medical Supplies,Needle (R-5),"G.25 Terumo, 1 pc",4.5
Medical Supplies,Needle (R-5),"G.26 Terumo, 1 box",375
Medical Supplies,Needle (R-5),"G.26 Terumo, 1 pc",4.5
Medical Supplies,Needle (R-5),"G.27 Terumo, 1 box",375
Medical Supplies,Needle (R-5),"G.27 Terumo, 1 pc",4.5
Medical Supplies,Needle (R-5),"G.30 Terumo, 1 box",380
Medical Supplies,Needle (R-5),"G.30 Terumo, 1 pc",5
Medical Supplies,Needle (R-5),"G.30 BD, 1 box",550
Medical Supplies,Needle (R-5),"G.30 BD, 1 pc",7
Medical Supplies,Needle (R-5),"G.30 MedX, 1 box",320
Medical Supplies,Needle (R-5),"G.30 MedX, 1 pc",4.5
Medical Supplies,Needle (R-5),Terumo / bx,285
Medical Supplies,Needle (R-5),Terumo Simplex / pc,4
Medical Supplies,Needle (R-5),Stainless (R-7) / pc,25
Medical Supplies,Needle (R-5),"Multi sample (R-7), 1 box","1,350"
Medical Supplies,Needle (R-5),"Multi sample (R-7), 1 pc",15
Medical Supplies,Needle (R-5),"Multi sample Kingmed brand, 1 box",700
Medical Supplies,Needle (R-5),"Multi sample Kingmed brand, 1 pc",10
Medical Supplies,Needle (R-5),"Multisample with flashback, 1 box","2,100"
Medical Supplies,Needle (R-5),"Multisample with flashback, 1 pc",25
Medical Supplies,Needle (R-5),Spinal needle / 135,90
Medical Supplies,Needle (R-5),NGT FR.16&18 (R-7),280
Medical Supplies,Needle (R-5),NGT regular disposable Fr.14&18,30
Medical Supplies,Need Holder (R-7),Small,135
Medical Supplies,Need Holder (R-7),Big,165
Medical Supplies,Neuro Hammer (R-7),W/o brush,199
Medical Supplies,Neuro Hammer (R-7),W/brush,295
Medical Supplies,Neuro Hammer (R-7),Set,675
Personal Protective Equipment,Nursing Cap,-,110
Personal Protective Equipment,Nursing Cap,Plastic,105
Personal Protective Equipment,Nursing Cap,Case,110
Medical Supplies,Opsite Post Op 25CMX10CM,-,165
Medical Equipment,Oxygen Humidifier (R-7),-,750
Medical Equipment,Oxygen Cannula Nasal (R-7),Pedia,29
Medical Equipment,Oxygen Cannula Nasal (R-7),Adult,29
Medical Equipment,Oxygen Concentrator (5L),-,"27,900"
Medical Equipment,Owgel's O2 Concentrator (3L),-,"22,500"
Medical Equipment,Oxygen Concentrator (HD) (dual) 5L,-,"28,500"
Medical Equipment,Oxygen Concentrator (HD) (single),-,"29,900"
Medical Equipment,Oxygen Concentrator Filter,1 LPM,"1,100"
Medical Equipment,Oxygen Concentrator Filter,3 LPM,"1,350"
Medical Equipment,Oxygen Concentrator Filter,5 LPM,"1,350"
Medical Equipment,Oxygen Mask (R-7),Adult,59
Medical Equipment,Oxygen Mask (R-7),Pedia,59
Medical Equipment,Oxygen Mask (R-7),Non-rebreather Mask (Adult),100
Medical Equipment,Oxygen Mask (R-7),Non-rebreather Mask (Pedia),100
Medical Equipment,Oxygen Tank,50lbs,"7,500"
Medical Equipment,Oxygen Tank,20lbs,"4,500"
Medical Equipment,Oxygen Tank,15lbs,"3,900"
Medical Equipment,Oxygen Tank,10lbs,"3,500"
Medical Equipment,Oxygen Tank,5lbs,"2,950"
Medical Equipment,Oxygen Lid,-,350
Medical Equipment,Oxygen Regulator (R-9),-,"1,400"
Medical Equipment,Oxygen Regulator (MedX),-,"3,250"
Medical Equipment,Oxygen Refill,5lbs,290
Medical Equipment,Oxygen Refill,5lbs Senior,260
Medical Equipment,Oxygen Refill,10lbs,300
Medical Equipment,Oxygen Refill,10lbs Senior,270
Medical Equipment,Oxygen Refill,15lbs,380
Medical Equipment,Oxygen Refill,15lbs Senior,330
Medical Equipment,Oxygen Refill,20lbs,430
Medical Equipment,Oxygen Refill,20lbs Senior,380
Medical Equipment,Oxygen Refill,50lbs,630
Medical Equipment,Oxygen Refill,50lbs Senior,575
Medical Equipment,Trolley 15lbs,-,"1,990"
Medical Equipment,Trolley 20lbs,-,"2,200"
Medical Equipment,Trolley 50lbs,-,"5,700"
Medical Equipment,Opsite Post 25cmx10cm,-,160
Medical Equipment,Otoscope MTI (R-7),-,950
Medical Equipment,Otoscope Ordinary (Penlight),-,220
Medical Equipment,Otoscope/Optha MTI (R-7),-,"5,500"
Medical Equipment,Ointment Jar (R-3),15grms,25
Medical Equipment,Ointment Jar (R-3),20grms,30
Paraffin Wax,Paraffin Wax (R-11),-,275
Parafilm,Parafilm (R-3),4x4,6
Parafilm,Parafilm (R-3),4x8,10
Paper Products,Paper Lining (100) (R-1),/ pc,10
Paper Products,Paper Lining (100) (R-1),/ pk,300
Paratulle,Paratulle (R-6),/ pc,75
Paratulle,Paratulle (R-6),/ bx,550
Exercise Equipment,Pedal Exerciser (R-9),,"1,950"
Exercise Equipment,Pedal Exerciser with Timer,-,"2,750"
Penlight,Penlight MTI (R-1),-,115
Penlight,Penlight Inmed Chrome,-,130
Petri Dish,Petri Dish (R-1),Plastic,25
Petri Dish,Petri Dish (R-1),Glass,199
Plastic Linen,Plastic Linen (R-1),-,48
Plaster of Paris,POP (Plaster of Paris) (R-2),4x5,185
Plaster of Paris,POP (Plaster of Paris) (R-2),6x5,200
Pregnancy Test,Pregnancy Test (R-7),/ pc,45
Pregnancy Test,Pregnancy Test (R-7),/ bx,950
Pulse Oximeter,Pulse Oximeter (R-7 & R-11),With RR,875
Pulse Oximeter,Pulse Oximeter (R-7 & R-11),With case,799
Pulse Oximeter,Pulse Oximeter (R-7 & R-11),Without case (Partners),499
Pulse Oximeter,Pulse Oximeter (R-7 & R-11),Without case (Kingmed),375
Pulse Oximeter,Pulse Oximeter (R-7 & R-11),No Brand,390
Pulse Oximeter,Pulse Oximeter (R-7 & R-11),For Kids,"1,500"
Pulse Oximeter,Pulse Oximeter (R-7 & R-11),For Kids (Yellow),"1,300"
Pouch Bag,Pouch Bag,-,35
Raincoat,Raincoat (R-3),Blue,75
Raincoat,Raincoat (R-3),Red,75
Rapid Test,Rapid Test (Lungene),-,145
RBC,RBC,-,299
Fiberglass Cast,Robocast/Longbone (Fiber Glass),"3""",475
Fiberglass Cast,Robocast/Longbone (Fiber Glass),"4""",450
Fiberglass Cast,Robocast/Longbone (Fiber Glass),5”,480
Ruler,Ruler,12”,25
Ruler,Ruler,15”,25
Ruler,Ruler,6” Black/White,25
SAFETY PINS (R-7),Pin 1 (2pcs),/ pk,45
SAFETY PINS (R-7),Needle with colored head 1 (2pcs),/ pk,55
SALICYLIC ACID,30mL,-,60
SCISSORS AND FORCEPS (R-7),Scalpel,-,95
SCISSORS AND FORCEPS (R-7),Kelly forceps straight,-,95
SCISSORS AND FORCEPS (R-7),Kelly forceps curved,-,95
SCISSORS AND FORCEPS (R-7),Mosquito forceps straight,-,95
SCISSORS AND FORCEPS (R-7),Mosquito forceps curved,-,95
SCISSORS AND FORCEPS (R-7),Alis forceps,-,150
SCISSORS AND FORCEPS (R-7),Thumb forceps,-,95
SCISSORS AND FORCEPS (R-7),Tissue forceps,-,95
SCISSORS AND FORCEPS (R-7),Bandage scissors,-,95
SCISSORS AND FORCEPS (R-7),Bozeman forceps,-,530
SCISSORS AND FORCEPS (R-7),Forester sponge forceps,-,470
SCISSORS AND FORCEPS (R-7),Surgical scissors straight,-,95
SCISSORS AND FORCEPS (R-7),Surgical scissors curved,-,95
SCISSORS AND FORCEPS (R-7),Mayo scissors straight,-,95
SCISSORS AND FORCEPS (R-7),Mayo scissors curved,-,95
SCISSORS AND FORCEPS (R-7),Pean forceps,-,120
SCISSORS AND FORCEPS (R-7),Uterine forceps,-,495
SCISSORS AND FORCEPS (R-7),Ovum forceps 7”,-,495
SCISSORS AND FORCEPS (R-7),Ovum forceps 9 ½”,-,520
SCISSORS AND FORCEPS (R-7),Iris scissors,-,120
SCISSORS AND FORCEPS (R-7),Big scissors,-,150
SCISSORS AND FORCEPS (R-7),Stainless forceps,-,150
SCRUBSUIT COTTON COMBI (R-4),XS,-,725
SCRUBSUIT COTTON COMBI (R-4),Small,-,725
SCRUBSUIT COTTON COMBI (R-4),Medium,-,725
SCRUBSUIT COTTON COMBI (R-4),Large,-,780
SCRUBSUIT COTTON COMBI (R-4),XL,-,810
SCRUBSUIT COTTON COMBI (R-4),XXL,-,860
SCRUBSUIT COTTON COMBI (R-4),Katrina w/piping XS,-,725
COMBO CARGO (R-4),XS-Small,-,820
COMBO CARGO (R-4),Medium,-,850
COMBO CARGO (R-4),Large,-,860
COMBO CARGO (R-4),XL,-,950
COMBO CARGO (R-4),XXL,-,995
SCRUBSUIT COTTON PRINTED (R-4),XS,-,565
SCRUBSUIT COTTON PRINTED (R-4),Small,-,565
SCRUBSUIT COTTON PRINTED (R-4),Medium,-,565
SCRUBSUIT COTTON PRINTED (R-4),Large,-,615
SCRUBSUIT COTTON PRINTED (R-4),XL,-,665
SCRUBSUIT COTTON PRINTED (R-4),Top Cotton XS,-,380
SCRUBSUIT COTTON PRINTED (R-4),Top Cotton Small,-,380
SCRUBSUIT COTTON PRINTED (R-4),Top Cotton Large,-,405
SCRUBSUIT COTTON PRINTED (R-4),Top Katrina,-,280
SCRUBSUIT COTTON PLAIN (R-10),Cargo +,-,75
SCRUBSUIT COTTON PLAIN (R-10),XS,-,55
SCRUBSUIT COTTON PLAIN (R-10),Small,-,55
SCRUBSUIT COTTON PLAIN (R-10),Medium,-,580
SCRUBSUIT COTTON PLAIN (R-10),Large,-,585
SCRUBSUIT COTTON PLAIN (R-10),XL,-,625
SCRUBSUIT COTTON PLAIN (R-10),XXL,-,725
KATRINA SCRUBSUIT PLAIN (R-4),XS,-,380
KATRINA SCRUBSUIT PLAIN (R-4),Small,-,385
KATRINA SCRUBSUIT PLAIN (R-4),Medium,-,390
KATRINA SCRUBSUIT PLAIN (R-4),Large,-,395
KATRINA SCRUBSUIT PLAIN (R-4),XL,-,435
KATRINA SCRUBSUIT PLAIN (R-4),XXL,-,535
PPE SUIT (R-4),With Bootie,-,620
PPE SUIT (R-4),Without Bootie,-,650
PPE DISPOSABLE (HAZMAT),Small,-,199
PPE DISPOSABLE (HAZMAT),Medium,-,199
PPE DISPOSABLE (HAZMAT),Large,-,199
PPE DISPOSABLE (HAZMAT),XL,-,200
PPE DISPOSABLE (HAZMAT),XXL,-,210
PPE DISPOSABLE (HAZMAT),Navy Blue (Junie),-,650
PPE BOOTIE WHITE (R-3),-,-,50
SEAT EGG GEL CUSHION,-,-,295
SEROLOGICAL PIPETTE (R-1),0.01,-,200
SEROLOGICAL PIPETTE (R-1),0.02,-,200
SEROLOGICAL PIPETTE (R-1),.5 NS/Sterile Dispo,-,100
SEROLOGICAL PIPETTE (R-1),.10 NS/Sterile Dispo,-,120
SKELETON (R-3),-,-,"5,200"
SNELLEN CHART (R-12),-,-,199
SOLUTIONS (R-6),China Brand,-,95
SOLUTIONS (R-6),Lactated Ringers (Violet) 1L,-,95
SOLUTIONS (R-6),D5LR (Pink) 1L,-,95
SOLUTIONS (R-6),PNSS or 0.9% NACL (Green) 1L,-,95
SOLUTIONS (R-6),50mL,-,70
SOLUTIONS (R-6),100mL AMB Brand,-,80
SOLUTIONS (R-6),Irrigating (Green) 1L,-,95
SOLUTIONS (R-6),Water for Injection (R-7) 50mL,-,770
SOLUTIONS (R-6),Water for Injection (R-7) 100mL,-,92
SOLUTIONS (R-6),100mL AMB Brand,-,75
SOLUTIONS (R-6),1L,-,95
SOAP DISPENSER (R-9),-,-,"1,300"
SOAP DISH,-,-,35
SPIROMETER,-,-,395
SPLINT,Universal Blue 11x46cm,-,199
SPLINT,Wrist,/ pc,585
SPLINT,Wrist,/ pk,"1,000"
SOLUSET (R-12),150mL,-,155
SOLUSET (R-12),100mL,-,125
SPATULA,Plastic Spoon & Scoop 20cm,-,28
SPATULA,Plastic Double Ended,-,35
STERI-STRIPS ¼”,-,-,105
STETHOSCOPE (R-5),Littman Classic III,-,"7,880"
STETHOSCOPE (R-5),MTI Deluxe,-,"1,200"
STETHOSCOPE (R-5),MTI Pedia,-,"1,550"
STETHOSCOPE (R-5),Titanium Pedia,-,"1,250"
STETHOSCOPE PARTS (R-7),Eartips,/ set,180
STETHOSCOPE PARTS (R-7),Diaphragm,-,150
STETHOSCOPE PARTS (R-7),Y-Tubing,-,65
STIRRING ROD (R-1),Small 15cm,-,60
STIRRING ROD (R-1),Medium 20cm,-,70
STIRRING ROD (R-1),Large 25cm,-,80
STIRRING ROD (R-1),XL 30cm,-,90
STRAIGHT CATHETER ORANGE (R-7),-,-,25
STRAP RESTRAINT (hands and feet),-,/ pc,150
STRETCHER,Folding Canvass,-,"2,990"
STRETCHER,Spine Board,-,"3,450"
STRETCHER,Spine Board Belt,-,"1,050"
SUCTION CATHETER (R-5),12/pc,/ bx,495
SUCTION MACHINE (R-9),Portable,-,"4,200"
SUCTION MACHINE (R-9),Portable Primaplus,-,"3,990"
SUCTION MACHINE (R-9),Foot Control w/2 Bottles,-,"6,500"
SUCTION MACHINE (R-9),With Nebulizer Surgitech,-,"4,990"
SURGICAL BLADE (R-7),7/pc,/ bx,375
SURGICAL BRUSH (R-1),With Betadine,-,79
SURGICAL BRUSH (R-1),Without Betadine,-,69
SURGICAL CAP CLOTH ASSTD. (R-3),-,-,35
"SURGICAL CAP BUTTERFLY DISP. (R4, R6, R11)",,/ pc,4
"SURGICAL CAP BUTTERFLY DISP. (R4, R6, R11)",,/ 10 pcs,35
"SURGICAL CAP BUTTERFLY DISP. (R4, R6, R11)",,/ pk (100 pcs),225
"SURGICAL Disposable Shoe Cover (R6, R3)",10/pr,/ bx,299
SURGICAL DRAPE 40X40CM,-,-,110
SURGICAL TAPE (R-6),"3M 1"" (12)",/ pc,68
SURGICAL TAPE (R-6),"3M 1"" (12)",/ bx,725
SURGICAL TAPE (R-6),"3M ½"" (24)",/ pc,48
SURGICAL TAPE (R-6),"3M ½"" (24)",/ bx,725
SURGICAL TAPE (R-6),Ormed Transparent 1/2,-,59
SURGICAL TAPE (R-6),"Primepore Adhesive Tape 2"" (R-5)",/ bx,589
SUTURES (R-7),Chromic 2/0,1 box,450
SUTURES (R-7),Chromic 2/0,1 pc,55
SUTURES (R-7),Minocryl 0 Round (12),/ pc,495
SUTURES (R-7),Suture Kit,-,775
SYRINGE (R-5),1ml 5/pc,/ bx,350
SYRINGE (R-5),3ml 5/pc,/ bx,350
SYRINGE (R-5),5ml 5/pc,/ bx,370
SYRINGE (R-5),10ml Cardinal 6/pc,/ bx,440
SYRINGE (R-5),20cc (50pcs),/ bx,625
SYRINGE (R-5),50cc (25pcs),/ bx,695
SYRINGE (R-5),Terumo 1ml,/ bx,995
SYRINGE (R-5),Terumo 3ml,/ bx,895
SYRINGE (R-5),Terumo 5ml,/ bx,895
SYRINGE (R-5),Terumo 10ml,/ bx,1050
SYRINGE (R-5),Asepto,/ pc,60
SYRINGE (R-5),Auto Disable 0.3/0.5ml,/ pc,4.75
SYRINGE (R-5),Insulin (R-5),/ bx,950
TAPE MEASURE (R-6),Round retractor,,38
TAPE MEASURE (R-6),Straight,-,25
TEGADERM,4x43/4 BY 50,/ pc,54
TEGADERM,4x43/4 BY 50,/ bx,"2,350"
TEGADERM,21/2x21/4 BY 100,/ pc,28
TEGADERM,21/2x21/4 BY 100,/ bx,"2,350"
TENSE MACHINE,Doctron,-,"6,200"
TENSE MACHINE,Omron,-,"5,700"
TENSE MACHINE,Fukuda,-,"5,500"
TENSE MACHINE,Adapter Canon Fukuda,-,550
TEST TUBE BRUSH (R-1),-,-,30
TEST TUBE HOLDER (R-1),-,-,39
TEST TUBE RACK (R-1 & R-11),12 holes wood,-,145
TEST TUBE RACK (R-1 & R-11),6 holes wood,-,95
TEST TUBE RACK (R-1 & R-11),Plastic square 21 holes,-,199
TEST TUBE RACK (R-1 & R-11),Glass 24 holes (for small tubes),-,165
TEST TUBE RACK (R-1 & R-11),Styro,-,50
TEST TUBE (R-1),5ml w/screw cap & calibration,-,Dec-40
TEST TUBE (R-1),10ml w/screw cap & calibration,-,50
TEST TUBE (R-1),15ml w/screw cap & calibration,-,60
TEST TUBE (R-1),20ml w/screw cap & calibration,-,70
TEST TUBE (R-1),30ml w/screw cap & calibration,-,85
TEST TUBE PLASTIC WITH CORK,12ml,-,20
TEST TUBE PLASTIC WITH CORK,13ml,-,25
TEST TUBE PLASTIC WITH CORK,15ml,-,30
TEST TUBE PLASTIC WITH CORK,16ml,-,35
TEST TUBE PLASTIC WITH CORK,Conical centrifuge tubes 15ml,-,15
TEST TUBE PLASTIC WITH CORK,Laboratory tube 1.8ml,-,7.5
THERMOMETER (R-1),Alcohol thermometer,-,235
THERMOMETER (R-1),Room thermo wood (R-5),-,150
THERMOMETER (R-1),Room thermo plastic big,-,120
THERMOMETER (R-1),Room thermo silver (b),-,199
THERMOMETER (R-1),Room thermo silver (s),-,150
THERMOMETER (R-1),Indoor/outdoor thermo (R-7),-,950
THREE WAY STOP COCK,-,-,45
TOOLBOX,2 layer,-,250
TOOLBOX,3 layers (lock box),-,545
TOOLBOX,3 layers (tool box),-,625
TOOLBOX with Cross (R-9),Small,-,210
TOOLBOX with Cross (R-9),Big,-,410
TOUNGE DEPRESSOR (R-6),Sterile,/ pc,2.5
TOUNGE DEPRESSOR (R-6),Sterile,/ bx,200
TOUNGE DEPRESSOR (R-6),Non-sterile,80/bx,98
TOURNIQUET (R-6),With clip,-,68
TOURNIQUET (R-6),Without clip,-,19
THERMAL SCANNER (R-5),Automatic with soap dispenser,-,"3,150"
THERMAL SCANNER (R-5),Automatic talking,-,"3,450"
THERMAL SCANNER (R-5),Automatic with stable stand,-,"3,800"
THERMAL SCANNER (R-5),YHKY/Wilcare (R-5),-,"1,350"
THERMAL SCANNER (R-5),AIQUE,-,950
THERMAL SCANNER (R-5),Bokang,-,"1,750"
THERMAL SCANNER (R-5),Promed (R-5),-,"3,250"
TRIANGULAR BANDAGE (R-7),-,-,80
TUNING FORK (R-7),512Hz,w/o bell,210
TUNING FORK (R-7),512Hz,w/ bell,250
TUNING FORK (R-7),256Hz,w/o bell,210
TUNING FORK (R-7),256Hz,w/ bell,250
TRACHEOSTOMY SHILEY 6 (R7),-,-,"3,350"
TRACHEOSTOMY SHILEY 6 (R7),Tracheostomy Tie,-,360
TRACHEOSTOMY SHILEY 6 (R7),Tracheostomy Mask w/tubing,-,375
TRACHEOSTOMY SHILEY 6 (R7),Tracheostomy Stainless,-,"5,200"
TRANSFER BELT LIFT SLING,-,-,620
TRANSFER WAIST BELT,-,-,"1,050"
TRIPOD BURNER,-,-,160
UNDERPADS 60X90cm (R-2),-,/ pc,25
UNDERPADS 60X90cm (R-2),-,/ pk,195
UNDERWRAP TAPE,7cm x 2700cm,-,175
URINE CUP sterile (R-1),-,,15
URINE CUP sterile (R-1),With spoon,-,11
URINE CUP sterile (R-1),Without spoon,-,10
URINE BAG (R-7),Ormed,-,30
URINE BAG (R-7),Indoplas,-,30
UV LIGHT SANITIZER (R-5),-,-,"1,500"
VAGINAL SPECULUM (R-7),Grave,Small,420
VAGINAL SPECULUM (R-7), ,Medium,420
VAGINAL SPECULUM (R-7), ,Large,420
VAGINAL SPECULUM (R-7),Plastic,Small,58
VAGINAL SPECULUM (R-7), ,Medium,58
VAGINAL SPECULUM (R-7), ,Large,58
VITAMIN C AMPULE,-,-,35
VIALS GLASS (R-1),Small,-,15
VIALS GLASS (R-1),Big,-,20
WADDING SHEET (R-7&R-11),4x5,-,65
WADDING SHEET (R-7&R-11),6x5,-,75
WALKER RECIPROCAL,Pedia,,"1,850"
WALKER RECIPROCAL,Adult thin (regular),,"1,500"
WALKER RECIPROCAL,Brown / big & thick,,"1,650"
WALKER WITH WHEELS,Small / thin (regular),,"1,800"
WALKER WITH WHEELS,Big & thick,,"2,050"
WALKER TIPS,-,,95
WIPES (R-9),-,-,55
WBC (R-1),-,-,299
WEE BAG (R-7),-,-,12
WEIGHING SCALE,Bathroom Scale Camry,-,575
WEIGHING SCALE,Bathroom Digital,-,625
WEIGHING SCALE,Health Scale,-,350
WEIGHING SCALE,MTI Heavy Duty H&W Detecto Type,-,"6,800"
WEIGHING SCALE,Dial Type,-,"4,850"
WEIGHING SCALE,Kenlee H&W,-,"3,500"
WRIST SPLINT (R-2),PC,-,525
WRIST SPLINT (R-2),Set,-,970
WHEELCHAIR,Standard Chrome,-,"4,300"
WHEELCHAIR,With Mags (Chrome Plated),-,"4,850"
WHEELCHAIR,With Mags (Black Ordinary),-,"3,990"
Commode Chair,Ordinary (Small),-,"2,500"
Commode Chair,Ordinary (Big),-,"2,750"
Commode Chair,With Foam (No Wheels),-,"3,300"
Commode Chair,With Hard Cover (No Wheels),-,"3,200"
Commode Chair,With Foam Cover (With Wheels),-,"3,600"
Commode Chair,With Hard Cover (With Wheels),-,"3,500"
Commode Chair,Aluminum,-,"3,950"
Commode Chair,Wheelchair,-,"6,200"
Commode Chair,Reclining,-,"8,950"
Commode Chair,Reclining with Mags,-,"9,250"
Commode Chair,Reclining Wheelchair,-,"7,950"
Commode Chair,Rollator,-,"4,750"
Commode Chair,Rollator with Foot Rest,-,"4,950"
Commode Chair,Traveling Folding Mini,-,"6,700"
Commode Chair,"Traveling (Next Size to Mini, Alloy)",-,"7,500"
Commode Chair,Traveling Painted Metal,-,"4,850"
Commode Chair,Traveling Big Chrome / Alloy,-,"7,300"
Commode Chair,Armrest,-,"1,600"
Commode Chair,Wheel (Gray),Per Set,"3,700"
Commode Chair,Wheel (Gray),Per PC,"2,700"
Commode Chair,Wheel (Black),Per Set,"3,500"
Commode Chair,Wheel (Black),Per PC,"2,500"
FOR TRAVEL,Wheel X16” (For Back),Per Set,"3,500"
FOR TRAVEL,Wheel X16” (For Back),Per PC,"2,200"
FOR TRAVEL,Wheel X12” (For Front),Per Set,"2,900"
FOR TRAVEL,Wheel X12” (For Front),Per PC,"1,800"
FOR TRAVEL,Wheel X10” (For Front),Per Set,"1,900"
FOR TRAVEL,Wheel X10” (For Front),Per PC,"1,100"
FOR WALKER,Wheel X5”,Per Set,"1,500"
FOR WALKER,Wheel X5”,Per PC,750
Wire Mesh,-,-,-
Y-TUBE (R-1),-,-,65
YELLOW/BLUE TIP CONE,-,-,395
YELLOW GARBAGE BAG,Thin,-,8
YELLOW GARBAGE BAG,Thick Medium (Toxic Waste),-,25
ZEPHIRAN,30ml,-,115
